{
  "connections": [
    {
      "a": "NRT",
      "b": "ORD"
    },
    {
      "a": "PEK",
      "b": "PVG"
    },
    {
      "a": "PVG",
      "b": "YYZ"
    },
    {
      "a": "LAX",
      "b": "NRT"
    },
    {
      "a": "JFK",
      "b": "LAX"
    },
    {
      "a": "CTS",
      "b": "NRT"
    },
    {
      "a": "BKK",
      "b": "SIN"
    },
    {
      "a": "CDG",
      "b": "YYZ"
    },
    {
      "a": "JFK",
      "b": "LHR"
    },
    {
      "a": "DXB",
      "b": "SYD"
    },
    {
      "a": "NRT",
      "b": "YVR"
    },
    {
      "a": "YUL",
      "b": "YVR"
    },
    {
      "a": "YUL",
      "b": "YYZ"
    },
    {
      "a": "YVR",
      "b": "YYZ"
    },
    {
      "a": "XMN",
      "b": "YVR"
    },
    {
      "a": "HND",
      "b": "YVR"
    },
    {
      "a": "PEK",
      "b": "XMN"
    },
    {
      "a": "LHR",
      "b": "YYZ"
    },
    {
      "a": "HND",
      "b": "YYZ"
    }
  ],
  "airports": [
    {
      "country": "USA",
      "code": "ORD",
      "city": "Chicago"
    },
    {
      "country": "",
      "code": "PVG",
      "city": "Paris"
    },
    {
      "country": "USA",
      "code": "LAX",
      "city": "Los Angeles"
    },
    {
      "country": "Japan",
      "code": "CTS",
      "city": "Chitose"
    },
    {
      "country": "Thailand",
      "code": "BKK",
      "city": "Bangkok"
    },
    {
      "country": "France",
      "code": "CDG",
      "city": "Paris"
    },
    {
      "country": "USA",
      "code": "JFK",
      "city": "New York"
    },
    {
      "country": "UAE",
      "code": "DXB",
      "city": "Dubai"
    },
    {
      "country": "Japan",
      "code": "NRT",
      "city": "Tokyo (Narita)"
    },
    {
      "country": "Canada",
      "code": "YUL",
      "city": "Montreal"
    },
    {
      "country": "Canada",
      "code": "YVR",
      "city": "Vancouver"
    },
    {
      "country": "China",
      "code": "PEK",
      "city": "Beijing"
    },
    {
      "country": "UK",
      "code": "LHR",
      "city": "London"
    },
    {
      "country": "China",
      "code": "XMN",
      "city": "Xiamen"
    },
    {
      "country": "Singapore",
      "code": "SIN",
      "city": "Singapore"
    },
    {
      "country": "Canada",
      "code": "YYZ",
      "city": "Toronto"
    },
    {
      "country": "Australia",
      "code": "SYD",
      "city": "Sydney"
    },
    {
      "country": "Japan",
      "code": "HND",
      "city": "Tokyo (Haneda)"
    }
  ]
}